,title,tautan,likes,score,date,genres,about,studios,sumber,tema
0,Dandadan,https://myanimelist.net/anime/57334/Dandadan,479828,8.70,20241004,"Action,Comedy,Supernatural","Reeling from her recent breakup, Momo Ayase, a popular high schooler, shows kindness to her socially awkward schoolmate, Ken Takakura, by standing up to his bullies. Ken misunderstands her intentions, believing he has made a new friend who shares his obsession with aliens and UFOs. However, Momo's own eccentric occult beliefs lie in the supernatural realm; she thinks aliens do not exist. A rivalry quickly brews as each becomes determined to prove the other wrong.

Despite their initial clash over their opposing beliefs, Momo and Ken form an unexpected but intimate friendship, a bond forged in a series of supernatural battles and bizarre encounters with urban legends and paranormal entities. As both develop unique superhuman abilities, they learn to supplement each other's weaknesses, leading them to wonder if their newfound partnership may be about more than just survival.

[Written by MAL Rewrite]",Science SARU,Manga,Shounen
1,Re:Zero kara Hajimeru Isekai Seikatsu 3rd Season,https://myanimelist.net/anime/54857/Re_Zero_kara_Hajimeru_Isekai_Seikatsu_3rd_Season,317428,8.77,20241002,"Drama,Fantasy,Suspense","One year after the events at the Sanctuary, Subaru Natsuki trains hard to better face future challenges. The peaceful days come to an end when Emilia receives an invitation to a meeting in the Watergate City of Priestella from none other than Anastasia Hoshin, one of her rivals in the royal selection. Considering the meeting's significance and the potential dangers Emilia could face, Subaru and his friends accompany her.

However, as Subaru reconnects with old associates and companions in Priestella, new formidable foes emerge. Driven by fanatical motivations and engaging in ruthless methods to achieve their ambitions, the new enemy targets Emilia and threaten the very existence of the city. Rallying his allies, Subaru must give his all once more to stop their and nefarious goals from becoming a concrete reality.

[Written by MAL Rewrite]",White Fox,Light novel,Isekai
2,Uzumaki,https://myanimelist.net/anime/40333/Uzumaki,223397,5.89,20240928,"Avant Garde,Drama,Horror,Suspense","In the town of Kurouzu-cho, Kirie Goshima lives a fairly normal life with her family. As she walks to the train station one day to meet her boyfriend, Shuuichi Saito, she sees his father staring at a snail shell in an alley. Thinking nothing of it, she mentions the incident to Shuuichi, who says that his father has been acting weird lately. Shuuichi reveals his rising desire to leave the town with Kirie, saying that the town is infected with spirals.

But his father's obsession with the shape soon proves deadly, beginning a chain of horrific and unexplainable events that causes the residents of Kurouzu-cho to spiral into madness.

[Written by MAL Rewrite]","Akatsuki,Fugaku",Manga,Psychological
3,Blue Lock vs. U-20 Japan,https://myanimelist.net/anime/54865/Blue_Lock_vs_U-20_Japan,206930,6.65,20241006,Sports,"The next phase of the controversial Blue Lock project is underway with the candidate pool being dwindled down to just 35. Out of the remaining strikers, only a select few will be chosen to play in an upcoming exhibition game against the current U-20 Japanese soccer team. Playing in this match comes with a caveat: winning will grant the players the right to represent the nation as the new U-20 team, but losing will bring an end to Blue Lock in its entirety. Among the ones left in the running is Yoichi Isagi, who is coming to terms with his own abilities.

To further complicate matters, the six best players in the pool have already been named to the starting lineup and the remaining 29 will have to duke it out to claim a coveted spot. Each candidate must select a top six pairing to team up with for the selection to prove their competence. But if this mishmash of strikers wants to overthrow the current U-20 team, they will need to find a way to combine their playstyles effectively.

[Written by MAL Rewrite]",8bit,Manga,Team Sports
4,Bleach: Sennen Kessen-hen - Soukoku-tan,https://myanimelist.net/anime/56784/Bleach__Sennen_Kessen-hen_-_Soukoku-tan,173744,8.98,20241005,"Action,Adventure,Supernatural","After an awe-inspiring battle with Ichibei Hyousube—leader of the Soul Society's Royal Guard—the powerful Yhwach moves into the final stage of his master plan. He aims to slay the Soul King, the being whose very existence maintains the status quo of three worlds: Hueco Mundo, the Soul Society, and the realm of humans that Ichigo Kurosaki and his closest friends hail from. Conquering his own bout with the remainder of the Royal Guard, Uryuu Ishida joins Yhwach in his efforts to create a new world in his image.

With a flood of resolution and newfound power, Ichigo rushes to stop Yhwach from accomplishing his ultimate goal and save the countless lives within the three existing realms. But Ichigo has a complicated lineage, one that leaves him susceptible to Yhwach's sinister influence.

Meanwhile, in a final desperate gambit, Jirou Souzousuke Shunsui Kyouraku, the newly promoted head captain of the Soul Society's combat corps, enlists the help of an old enemy whose immense power may turn the tide of battle.

[Written by MAL Rewrite]",Pierrot Films,Manga,Shounen
5,Ao no Hako,https://myanimelist.net/anime/57181/Ao_no_Hako,166992,8.34,20241003,"Romance,Sports","Every morning, incoming first-year Taiki Inomata hurries to his high school gym in order to further refine his badminton skills. However, his true motivation stems from sharing the otherwise empty gym with second-year Chinatsu Kano, Taiki's crush and the star player of the girls' basketball team. Although Chinatsu seems unapproachable, Taiki gradually finds opportunities to get to know her little by little.

Unbeknownst to Taiki, his tireless work ethic and admiration motivate Chinatsu to work harder and strive to achieve her greatest ambitions. When her family must suddenly move overseas for work, Chinatsu decides to remain in Japan and shoot for victory at the national level. With nowhere to stay, she is taken in by Taiki's mother, who is longtime friends with Chinatsu's own. Overwhelmed with the new reality of living alongside the girl he loves, Taiki resolves to join Chinatsu at the national level in his own sport—and grow closer to her in the process.

Still, despite being good enough to catch his coach's eye, Taiki must fight an uphill battle to qualify for a spot on the starting team. Cheered on by both Chinatsu and gymnast Hina Chouno, his childhood friend, Taiki aims to make a name for himself among his powerful upperclassmen.

[Written by MAL Rewrite]",Telecom Animation Film,Manga,School
6,Seirei Gensouki 2,https://myanimelist.net/anime/50306/Seirei_Gensouki_2,143807,6.87,20241008,"Action,Adventure,Fantasy,Romance","After Rio escapes the capital of the Beltrum Kingdom with his former teacher Celia Claire and his bond spirit, Aishia, he finds himself in a dire situation once again. As it turns out, multiple people from his past life in Japan are suddenly scattered around the new world. Rio rushes to their help, saving a small group and taking them under his wing. To his surprise, one of the rescuees is his old self's childhood friend Miharu Ayase.

The newcomers were not the only ones summoned. With old friends and new allies by his side, Rio sets out to locate the other abductees while searching for a way to send them back to Japan. However, Rio never loses sight of his main goal: avenging his mother's death.

[Written by MAL Rewrite]",TMS Entertainment,Light novel,Harem
7,Arifureta Shokugyou de Sekai Saikyou Season 3,https://myanimelist.net/anime/52995/Arifureta_Shokugyou_de_Sekai_Saikyou_Season_3,137255,7.37,20241014,"Action,Adventure,Fantasy","En route to conquer a Great Labyrinth with his allies and former classmates, Hajime Nagumo is sidetracked by a tragedy that befalls his party member Shea Haulia. After encountering a group of rabbitmen caught in an ambush, Nagumo learns that members of Shea's Haulia Tribe have been abducted by soldiers of the Hoelscher Empire. To alleviate the anxiety of Shea, whose father may be in mortal danger, Nagumo decides to head toward the empire and rescue the missing Haulias.

After arriving at his destination, Hajime is caught up in political turmoil between the empire and the Heiligh Kingdom. As princess Liliana S. B. Heiligh tries to formalize an alliance with the empire to protect her weakened kingdom against demon attacks, the Haulia Tribe plans to assassinate Emperor Gahard D. Hoelscher to free all rabbitmen from the empire's threat. Determined to protect his allies at any cost, Hajime will need to ignore all political considerations and unleash his unstoppable power on anyone who may stand in his way.

[Written by MAL Rewrite]",asread.,Light novel,Harem
8,Dungeon ni Deai wo Motomeru no wa Machigatteiru Darou ka V: Houjou no Megami-hen,https://myanimelist.net/anime/57066/Dungeon_ni_Deai_wo_Motomeru_no_wa_Machigatteiru_Darou_ka_V__Houjou_no_Megami-hen,136453,8.01,20241005,"Action,Adventure,Fantasy","Goddess Festival—A fruit festival that brings the labyrinth city of Orario to life. Goddesses symbolizing fertility are enshrined on the altar, and among them is the Goddess of Beauty. Bell Cranel, who has survived and returned to his daily life from the dead depths of the dungeon, is here and ready to enjoy the bustle of the Goddess Festival until he receives a letter from a girl at a small bar in a corner of Orario—""To Mr. Bell, please go on a date with just the two of us at the upcoming Goddess Festival. From Syr."" Syr's single-minded determination will drive both Bell and the labyrinth city crazy. Meanwhile, the Einherjar, the warriors who claim to be the ""strongest,"" are now suddenly on the move...

(Source: HIDIVE)",J.C.Staff,Light novel,
9,"Shangri-La Frontier: Kusoge Hunter, Kamige ni Idoman to su 2nd Season",https://myanimelist.net/anime/58572/Shangri-La_Frontier__Kusoge_Hunter_Kamige_ni_Idoman_to_su_2nd_Season,127638,8.12,20241013,"Action,Adventure,Fantasy","Ever since Rakurou ""Sunraku"" Hizutome started to play the extremely popular virtual reality game Shangri-La Frontier, he has truly fallen in love with it. Sunraku has quickly made a big name for himself by fighting two of the seven unique, nearly unbeatable monsters, which is unthinkable for most players. To progress the game's story, he sets out on an adventure with his leporine guide, Emul, to acquire a magic operation unit from an ancient workshop.

Though Sunraku breezes through this quest alongside his clanmates Towa ""Arthur Pencilgon"" Amane and Kei ""OiKatzo"" Uomi, there seems to be an ulterior motive as to why the two of them decided to help Sunraku in the first place. Nevertheless, Sunraku gains valuable knowledge and allies, critical for his advancement in the game. By seeking out powerful enemies and unraveling the inner workings of the game's world, Sunraku may just change Shangri-La Frontier forever.

[Written by MAL Rewrite]",C2C,Manga,Video Game
10,Chi. Chikyuu no Undou ni Tsuite,https://myanimelist.net/anime/52215/Chi_Chikyuu_no_Undou_ni_Tsuite,94486,8.28,20241005,Drama,"Twelve-year-old prodigy Rafal believes in living rationally, so as to earn praise and respect from society while not being led astray by his emotions. To this end, he publicly states his intention to study theology—the academic field held in highest regard in early 15th century Poland. However, an encounter with a mysterious man upends Rafal's life, sparking an illogical desire to instead pursue his passion for astronomy.

Rafal is determined to prove the beauty and rationality of heliocentrism—the theory that the Earth revolves around the Sun. This belief is considered heretical by the powerful Church, which promotes geocentrism—the Sun revolving around the Earth—as the sole truth of the universe. Those whose beliefs do not align with the will of the Church suffer unfathomably gruesome consequences.

In pursuit of evidence for a heliocentric model of the universe, Rafal grapples with obtaining precise calculations and building empirical theories. His greatest challenge, however, lies in conducting this research discreetly—lest he wish to meet the same fate as other heretics.

[Written by MAL Rewrite]",Madhouse,Manga,Historical
11,Sword Art Online Alternative: Gun Gale Online II,https://myanimelist.net/anime/55994/Sword_Art_Online_Alternative__Gun_Gale_Online_II,89952,7.12,20241005,Action,"A new tournament, Squad Jam 3, has been announced in the popular VR game Gun Gale Online. This time, Pitohui, one of the best performers in the previous competition, offers to team up with Karen Kohiruimaki, better known in-game as LLENN, the ""Pink Devil."" Despite her initial reluctance, Karen agrees to join Pitohui's team, LPFM, since she looks forward to facing SHINC, her rivals from the previous Squad Jam.

The newly formed LPFM enrolls in the tournament and is quickly recognized as the favorite to win due to the caliber of its players. As they strive to come out on top and win Squad Jam 3, LLENN, Pitohui, and the other members of LPFM battle against other competitors and tackle unexpected challenges.

[Written by MAL Rewrite]",A-1 Pictures,Light novel,Military
12,Kimi wa Meido-sama.,https://myanimelist.net/anime/57611/Kimi_wa_Meido-sama,89476,7.09,20241006,"Comedy,Romance","One day, Hitoyoshi Yokoya wakes up to a mysterious nameless girl dressed as a maid ringing his doorbell, asking to be his servant. With her former master referring her to the Yokoya household, she offers her expertise as an assassin. Intimidated by her background, Hitoyoshi tries to send her away; but when she leaves something behind, he rushes to return it to her and is nearly hit by a truck in the process. With her fast reflexes, the girl saves him just in time, and Hitoyoshi ends up taking her in. 

Ironically, the maid lacks any skills apart from the art of killing she has perfected since childhood. Nevertheless, Hitoyoshi welcomes the girl with open arms, encouraging her to leave her monochromatic past behind and experience a normal life. To seal the deal, Hitoyoshi names her Yuki, marking the beginning of her path to redemption and happiness.

[Written by MAL Rewrite]",Felix Film,Web manga,
13,Ranma ½ (2024),https://myanimelist.net/anime/59145/Ranma_½_2024,88957,8.09,20241006,"Action,Comedy,Romance,Ecchi","During their martial arts training expedition in China, Ranma Saotome and his father Genma suffered an accident, which in turn, afflicted them with a curse—whenever they are doused with cold water, Ranma transforms into a girl, while his father turns into a panda! Only hot water can reverse these changes, but any further contact with cold water opens the can of worms once more.

Unfortunately, the trouble does not end there, as Ranma finds out about his betrothal to one of the daughters of Soun Tendou, his father's closest friend. During the families' first meeting, it is decided that Ranma is to be married to Akane, the youngest daughter, a decision that is met with vehement protests from both sides. The two are simply not compatible, yet they are forced to live under one roof. Ranma's status quo further adds to the chaos, leading him to a series of comedic situations and misunderstandings that, in the grand scheme of things, may just be what he needs to work with Akane.

[Written by MAL Rewrite]",MAPPA,Manga,Magical Sex Shift
14,Raise wa Tanin ga Ii,https://myanimelist.net/anime/56964/Raise_wa_Tanin_ga_Ii,85712,7.12,20241007,Romance,"After years of animosity, the leaders of Osaka's Somei and Tokyo's Miyama yakuza groups have called a truce—by arranging an engagement between their respective grandchildren, Yoshino Somei and Kirishima Miyama. To this end, 17-year-old Yoshino moves to Tokyo to live with the Miyama family and attend school with her new fiancé. Although Kirishima is all smiles and perfectly polite, there is something unsettling about his demeanor that Yoshino cannot put her finger on.

Yoshino's suspicions are soon confirmed: despite his manners, Kirishima is a masochistic maniac. He hurts people without batting an eye and also revels in being punished verbally and physically himself. What he wants most is a spoiled and arrogant fiancée who will ruin his life. When Yoshino does not quite meet his expectations, he reveals his true colors and openly insults her. However, instead of running away in fear, Yoshino decides to take revenge by making Kirishima fall in love with her and then ruthlessly breaking his heart.

[Written by MAL Rewrite]",Studio Deen,Manga,Organized Crime
15,Dragon Ball Daima,https://myanimelist.net/anime/56894/Dragon_Ball_Daima,85575,7.87,20241011,"Action,Adventure,Comedy,Fantasy","After saving the world from the destructive might of Majin Buu, Gokuu Son and his allies look forward to a well-earned rest. However, unbeknownst to them, their battle was recorded and observed by Gomah, an evil being who assumes the title of King in the Demon Realm, filling the void left behind with the death of former ruler Dabura.

At Gomah's side is Degesu, the younger brother of Higashi no Kaioshin, a being who lords over the universe. Jealous of his brother's power, Degesu works alongside Gomah to steal Earth's Dragon Balls and preemptively subdue any potential future enemies. Calling upon the power of the legendary dragon Shenron, Gomah wishes for Gokuu and his friends to be reverted into children, intending to rob them of the limitless power that defeated Buu. With Earth's greatest warriors shrunken down, Gomah abducts Dende, the planet's acting god.

But Gokuu refuses to be set back by his new body, working to master his younger form to fight as proficiently as he could as an adult. Joined by Kaioshin and Glorio—a mysterious but seemingly rebellious demon—Gokuu pursues Gomah to the Demon Realm in order to rescue Dende and restore his friends to their natural ages.

[Written by MAL Rewrite]",Toei Animation,Manga,Martial Arts
16,Hitoribocchi no Isekai Kouryaku,https://myanimelist.net/anime/57891/Hitoribocchi_no_Isekai_Kouryaku,80724,6.56,20241004,"Action,Adventure,Fantasy","High school student Haruka has always been a content loner. One day, he and his class are abruptly transported to another world and given skill points to use when choosing from an assortment of abilities and magical powers. Unfortunately, Haruka arrives last, and he can only use his points on the seemingly impractical abilities the others had no interest in. Although he is on his own again and must adjust to his new life by himself, he much prefers it that way.

However, Haruka's peaceful solitude is short-lived, as he runs into some of his classmates. Weak to their pleas for help, he ends up sheltering and helping them reunite with the others. But the different cliques struggle to see eye to eye, forcing Haruka to find a way to end the infighting and restore harmony between them to survive the unfamiliar world.

[Written by MAL Rewrite]","Hayabusa Film,Passione",Light novel,Isekai
17,Kami no Tou: Koubou-sen,https://myanimelist.net/anime/59989/Kami_no_Tou__Koubou-sen,77752,7.05,20241006,"Action,Adventure,Drama,Fantasy,Mystery",Second part of Tower of God Season 2.,The Answer Studio,Web manga,
18,Nageki no Bourei wa Intai shitai,https://myanimelist.net/anime/58172/Nageki_no_Bourei_wa_Intai_shitai,76042,6.93,20241001,"Action,Adventure,Fantasy","As dungeon-like treasure vaults started appearing throughout the land, more and more people began signing up as treasure hunters—risking their lives to obtain the vast riches and ancient relics inside. In the imperial capital of Zebrudia, the top hunter party is the Grieving Souls—a group of six childhood friends led by Krai Andrey, who is thought to be the strongest of them due to having a reputed wide array of skills.

However, Krai actually has no special talent. His accomplishments are actually the result of his friends being overpowered. Krai has repeatedly attempted to leave the party out of fear his lack of aptitudes would one day cause his companions' downfall. Nevertheless, everyone around Krai thinks differently, making him feel obligated to remain the group's leader.

[Written by MAL Rewrite]",Zero-G,Light novel,
19,"Kekkon suru tte, Hontou desu ka",https://myanimelist.net/anime/55887/Kekkon_suru_tte_Hontou_desu_ka,75507,7.02,20241003,Romance,"As introverted colleagues at a travel agency in Tokyo, Takuya Oohara and Rika Honjouji both cherish their happily single lives. After work, home is where they feel most at ease: Takuya unwinds with his cat, while Rika studies various maps. However, an uncertain future looms over their treasured tranquility when their company plans to open a branch office in Alaska within one year and transfer an unmarried employee there.

During a day off, Takuya and Rika accidentally meet and, despite never having spoken before, open up to each other about their relocation fears. Feeling encouraged by Takuya facing the same predicament, Rika suddenly proposes a daring solution—to pretend to be engaged for 365 days. Takuya accepts, but little do the two know that the path to marriage may, in many ways, change forever the very lifestyles they struggle to preserve.

[Written by MAL Rewrite]",Ashi Productions,Manga,Adult Cast
20,"Tensei Kizoku, Kantei Skill de Nariagaru 2nd Season",https://myanimelist.net/anime/59131/Tensei_Kizoku_Kantei_Skill_de_Nariagaru_2nd_Season,71050,7.34,20240929,"Adventure,Fantasy","Second season of Tensei Kizoku, Kantei Skill de Nariagaru.",studio MOTHER,Light novel,Isekai
21,Maou 2099,https://myanimelist.net/anime/54853/Maou_2099,69968,7.32,20241013,"Action,Fantasy,Sci-Fi","Five hundred years ago, the fantasy world of Alneath was torn apart by a war between magically gifted immortals and mortals armed with magical artifacts. The conflict came to an end when mortals' hero, Gram, slayed the Demon Lord Veltol Velvet Velsvolt. In 2099, the world looks a bit different. Alneath and technologically advanced Earth have fused in an event known as Fantasion. Immortals have been hunted down to near extinction, and technological implants called Familia allow mortals to use magic.

As the new world slowly recovers, Veltol's vassal Machina Solege resurrects him in Shinjuku, a techno-magical city constructed in the middle of devastated lands. However, Veltol's magic is severely weakened, and his former ally Marcus has betrayed him. To regain his fame and magical abilities, Veltol follows the advice of Takahashi—Machina's friend and a professional hacker—to start an unusual career: live streaming. His sharp tongue and comically poor gaming skills quickly secure him followers, but to dominate the world once again, Veltol must first uncover Shinjuku's secrets and thwart Marcus' vile plans.

[Written by MAL Rewrite]",J.C.Staff,Light novel,Urban Fantasy
22,Rekishi ni Nokoru Akujo ni Naru zo,https://myanimelist.net/anime/56228/Rekishi_ni_Nokoru_Akujo_ni_Naru_zo,68897,7.13,20241002,"Comedy,Fantasy,Romance","The kind and compassionate heroine of an otome game may be as flawless as she is admirable, but a certain young woman from Japan much prefers the villainess, Alicia Williams. She sees sense in Alicia's ruthless verbal abuse and values her discipline and fortitude. On the other hand, aside from always toying with Prince Duke Seeker's emotions, the commoner heroine seems to only spout lip service.

Given the choice, the young woman would love to be reincarnated as Alicia—and her wish suddenly comes true! Seven-year-old Alicia awakens with the memories of her past life, now aware of all the future events, outcomes, and the world's secrets. She has no fear; to outsmart the heroine and avoid a bad ending, all Alicia needs is hard work, mastery of her noble family's dark magic, and the determination to become the greatest villainess in history.

[Written by MAL Rewrite]",Maho Film,Light novel,Isekai
23,Ao no Exorcist: Yuki no Hate-hen,https://myanimelist.net/anime/58516/Ao_no_Exorcist__Yuki_no_Hate-hen,66209,7.34,20241006,"Action,Supernatural","Demonic activity worldwide has significantly increased due to the involvement and corrupt practices of the Illuminati. To combat the unnatural influx of demons, the Vatican Headquarters decides to hold the annual Exorcist Certification Exam early and allow for as many exorcists as possible to take up the mantle.

Straight from the Vatican, one of the most powerful exorcists, Lewin ""Lightning"" Light, arrives at True Cross Academy to help prepare the students for the exam. The ease and mastery with which Lewin performs exorcisms quickly impresses Ryuuji ""Bon"" Suguro, who has lost his ambition to continue his studies, and Lewin surprisingly accepts him as his apprentice. Amid the worsening situation, twin brothers Rin and Yukio Okumura are sent to locate the recently missing exorcist Shura Kirigakure, who seems to be chained to a decades-long contract with a powerful, immortal demon hiding in Aomori Prefecture's dangerous, snowy mountains.

[Written by MAL Rewrite]",Studio VOLN,Manga,Mythology
24,"Saikyou no Shienshoku ""Wajutsushi"" de Aru Ore wa Sekai Saikyou Clan wo Shitagaeru",https://myanimelist.net/anime/58714/Saikyou_no_Shienshoku_Wajutsushi_de_Aru_Ore_wa_Sekai_Saikyou_Clan_wo_Shitagaeru,65949,7.15,20241007,"Action,Adventure,Fantasy","Noel longs to be a Seeker like his heroic grandfather, slaying the beasts that emerge from Abysses and exploring far-off lands. Unfortunately, it turns out he's nothing but a measly Talker–a job with no combat skills whatsoever. Undaunted, Noel sets out to establish the strongest clan in all the land, using his silver-tongued Talker skills to unite assassins and heroes under his leadership.

(Source: Seven Seas Entertainment)","Felix Film,Ga-Crew",Light novel,
25,Amagami-san Chi no Enmusubi,https://myanimelist.net/anime/55071/Amagami-san_Chi_no_Enmusubi,58776,6.96,20241002,"Comedy,Romance","After witnessing his mother's death at a young age, Uryuu Kamihate grew up disillusioned with the gods, dismissing faith in them as utter nonsense. Due to his beliefs, he aims to become a doctor, spending most of his time studying to enter the prestigious Kyoto University.

To further his studies, Uryuu searches for a new place to take him in and get away from the noisy environment of the orphanage where he grew up. Chidori Amagami, head priest of the Amagami Shrine, allows him to stay at the Amagami residence. However, Uryuu has to live there with Chidori's three granddaughters—Yae, Yuna, and Asahi—who serve as shrine maidens. Moreover, Chidori has another condition for Uryuu: he has to marry one of the sisters to ensure the shrine's future and one day inherit it. But with Uryuu's goals and outlook naturally clashing against the sisters' beliefs, this already daunting ordeal seems outright impossible.

[Written by MAL Rewrite]",Drive,Manga,Harem
26,Yarinaoshi Reijou wa Ryuutei Heika wo Kouryakuchuu,https://myanimelist.net/anime/55150/Yarinaoshi_Reijou_wa_Ryuutei_Heika_wo_Kouryakuchuu,57459,7.07,20241009,"Comedy,Fantasy,Romance","Jill Savelle—fiancée of the crown prince Gerald der Kratos and known as the ""Lady Goddess of War""—is being hunted down by the same country she swore to protect. Betrayed by her betrothed, she is framed as a traitor and imprisoned. In her last moments, Jill is filled with regret, but just as death approaches, she awakens six years in the past. This time, she will not be a mere pawn.

Now as a 10-year-old girl, Jill resolves to escape her imminent engagement to the prince. To this end, she jokingly professes her love to the 19-year-old dragon emperor Hadis Teos Rave, who will one day stain the land in blood due to madness. But against all expectations, he accepts!

In contrast to the tyrant from Jill's memories, the Hadis of this time is a kind albeit unfortunate emperor. Can Jill prevent Hadis from descending down the same dark, villainous road, or is he bound to an inevitable future?

[Written by MAL Rewrite]",J.C.Staff,Light novel,Time Travel
27,"Sayounara Ryuusei, Konnichiwa Jinsei",https://myanimelist.net/anime/58445/Sayounara_Ryuusei_Konnichiwa_Jinsei,53369,6.29,20241011,"Action,Adventure,Fantasy","Long ago, a human managed to defeat the oldest, most powerful dragon of them all. This dragon was so strong that even the gods feared it, but it accepted its end all alone. Then, suddenly, the dragon woke up in a new life as a guy named Dolan, living in a faraway village.

Living as a regular person now, Dolan works hard in the fields and hunts for food. Even though life in the village is simple, it's also cozy and makes him happy in ways he never felt as a dragon.

But one day, while exploring a swamp, Dolan meets Celina, a creature who's part human and part snake called a lamia. She's looking for a partner but admits she's not great at getting humans to like her because she's part snake. Despite their differences, Dolan and Cerina start to become friends. However, they face lots of challenges from outside forces.

Join them on a magical adventure as a once-mighty dragon begins a new life in a quiet corner of the world!

(Source: MAL News)","SynergySP,Vega Entertainment",Light novel,Reincarnation
28,"Party kara Tsuihou sareta Sono Chiyushi, Jitsu wa Saikyou ni Tsuki",https://myanimelist.net/anime/57944/Party_kara_Tsuihou_sareta_Sono_Chiyushi_Jitsu_wa_Saikyou_ni_Tsuki,53136,5.96,20241006,"Action,Adventure,Fantasy","Throughout his youth, unskilled healer Laust was taken advantage of by unscrupulous adventurers. Despite intensive efforts to improve himself, Laust is swindled by the members of Blades of Lightning—the first party that he joins after completing his training—and is eventually banished by its leader Margulus.

As the subject of public ridicule, Laust is not hopeful about his future prospects. However, novice adventurer Narsena unexpectedly offers to form a party with him, and he happily accepts. The duo quickly gain fame by conquering uncharted parts of the labyrinth. While there seems to be a reason behind Narsena's hasty proposal, Laust is oblivious to what it could be.

Meanwhile, Margulus fails for the second time to slay a poisonous hydra, even after enlisting the help of elite healer Lyra for the quest. Laust soon finds himself being asked to rejoin Blades of Lightning, but it is not as easy as he imagined to move on from his former comrades-in-arms despite his new path and current companion.

[Written by MAL Rewrite]",Studio Elle,Light novel,
29,"Tsuma, Shougakusei ni Naru.",https://myanimelist.net/anime/54726/Tsuma_Shougakusei_ni_Naru,45473,7.49,20241006,"Comedy,Romance","The moments Keisuke Niijima shared with his wife, Takae, were the happiest in his life. After their first meeting as coworkers, the bond between them gradually became stronger. They eventually married and were blessed with a daughter named Mai soon after. However, following Takae's death, time seems to have stopped for Keisuke, resulting in his inability to build a proper relationship with his daughter.

Ten years later, the gloomy Niijima household is bound for change when a little girl knocks at the door—claiming to be Takae's reincarnation. After confirming her identity, Keisuke's world brightens once more as he revels at the thought of making new memories with his beloved family. Unfortunately, this fortuitous miracle comes with its obvious drawbacks, and one mistake will spell more tragic consequences for Keisuke and everyone else involved.

[Written by MAL Rewrite]",Studio Signpost,Manga,Reincarnation
30,Kamonohashi Ron no Kindan Suiri 2nd Season,https://myanimelist.net/anime/57635/Kamonohashi_Ron_no_Kindan_Suiri_2nd_Season,43861,7.56,20241007,"Comedy,Mystery","Not long after forming their partnership, detectives Ron Kamonohashi and Totomaru Isshiki have proven adept at solving various cases together. However, the two are further motivated to continue their work when they discover that the House of M—an infamous crime syndicate—orchestrated Ron's expulsion from the prestigious Detective Training Academy BLUE five years prior. It appears that this group is also linked to Ron's mysterious ability that causes those around him to lose their lives, a phenomenon which Ron is desperate to stop.

A member of the House of M soon starts to commit boastful serial murders around Shibuya as an act of provocation toward Ron. Consequently, the investigative pair must do their best to apprehend the culprit for the sake of justice as well as learning more about Ron's dark past and present condition.

[Written by MAL Rewrite]",Diomedéa,Manga,Adult Cast
31,NegaPosi Angler,https://myanimelist.net/anime/59425/NegaPosi_Angler,43264,7.17,20241003,,"For blasé college dropout Tsunehiro Sasaki, life has become hopeless. After failing to enter a top university, he has lost all his money trading on financial markets and is now critically indebted. To add to his misery, he learns that he only has at most two years left to live due to an incurable disease.

The trajectory of Tsunehiro's life suddenly changes after a group of amateur fishermen saves him from drowning as he was trying to escape from a trio of creditors. While Takaaki Tsutsujimori pushes Tsunehiro to work at the group's workplace—a convenience store that doubles as a fishing shop—Hana Ayukawa tries to share her love for fishing.

Although the attempts of the joyful group of anglers initially prove unsuccessful, Takaaki urges Tsunehiro to take a fresh start in life, and the young man eventually accepts the fishing enthusiast's assistance to pay off his debts. As work, friendships, and an unfamiliar hobby all suddenly find their way into his life, Tsunehiro must find the strength to change his ways if he wants to make the best of his remaining time.

[Written by MAL Rewrite]",Nut,Original,Adult Cast
32,Mecha-ude (TV),https://myanimelist.net/anime/53033/Mecha-ude_TV,42596,6.98,20241004,"Action,Sci-Fi","Hikaru Amatsuga's days of tranquility come to a sudden end when he rescues Alma, a mechanical arm crying for help. Alma fuses with his jacket, introducing Hikaru to the world of mechanical arms: mysterious, sentient weapons that normally become a part of their users' bodies. Forced to flee for his life, Hikaru is eventually captured by Aki Murasame, a twin mechanical arms user working for ARMS, an organization that protects the machines against unethical treatment.

The Kagami Group, a nefarious organization that treats mechanical arms as mere tools, seeks to recover Alma. Hikaru is deemed a failure by ARMS for his lack of natural predisposition to be an mechanical arm wielder, so Aki is assigned to be his bodyguard. But Aki is defeated by Jun Kagami, who cruelly tears out her two mechanical limbs, condemning the girl to a slow death. Unwilling to abandon Aki to her grim fate, Hikaru miraculously awakens his power and neutralizes Kagami. Now a full member of ARMS, Hikaru is determined to unravel the truth about mechanical arms and protect his newfound friends and allies.

[Written by MAL Rewrite]",TriF Studio,Original,
33,Goukon ni Ittara Onna ga Inakatta Hanashi,https://myanimelist.net/anime/56843/Goukon_ni_Ittara_Onna_ga_Inakatta_Hanashi,39250,7.45,20241005,"Comedy,Romance","College student Tokiwa gets invited to a mixer by his female classmate Suo. But when he arrives with his friends, they're greeted by three dazzlingly handsome men?!

(Source: Square Enix)",Ashi Productions,Web manga,Adult Cast
34,Rurouni Kenshin: Meiji Kenkaku Romantan - Kyoto Douran,https://myanimelist.net/anime/57554/Rurouni_Kenshin__Meiji_Kenkaku_Romantan_-_Kyoto_Douran,38345,7.97,20241004,Action,"After living peaceful days at the Kamiya dojo, Kenshin Himura finds himself at a crucial crossroads, as his vow to never end a life is put to the ultimate test.

Following the murder of his former commander, he now has to retread the road of violence and blood to take down Makoto Shishio—the assassin prodigy who calls himself the notorious Battousai's successor. With ambitions to overthrow the Meiji government and establish his dominion in Kyoto, Shishio has meticulously schemed for a decade, building a formidable anti-government military force. Now, Shishio has turned his sights toward recruiting Aoshi Shinomori, a cold-blooded killer and the former leader of the legendary Oniwaban Group warriors.

As Kenshin travels through a village abandoned by the government and currently under the iron fist of Shishio's henchmen, he is determined to prevent the country from spiraling back into civil war. He allies with his former rival, Hajime Saitou, forging a fragile partnership in a battle against Shishio's empire that will determine the fate of Japan.

[Written by MAL Rewrite]",LIDENFILMS,Manga,Historical
35,Natsume Yuujinchou Shichi,https://myanimelist.net/anime/55823/Natsume_Yuujinchou_Shichi,37444,8.67,20241008,"Slice of Life,Supernatural","As a young child, Takashi Natsume believed his ability to see youkai to be nothing but a curse. Now a high school student, Natsume has managed to heal from his old wounds and form unbreakable bonds with humans and youkai alike. Natsume's newfound friendships—including the one with his spirit bodyguard Madara, nicknamed ""Nyanko-sensei""—are often interlaced with his duty to return the names of the spirits written inside the Book of Friends, his late grandmother Reiko's keepsake. While more remarkable youkai reach out to him, Natsume discovers that he still has much to learn about the world that surrounds him.

[Written by MAL Rewrite]",Shuka,Manga,Iyashikei
36,Hoshifuru Oukoku no Nina,https://myanimelist.net/anime/57362/Hoshifuru_Oukoku_no_Nina,35357,6.94,20241010,Romance,"On the dusty streets of the castle town Dayah in the Fortna Kingdom, a young orphan named Nina steals for survival. Experiencing one tragedy after another, she has little to hope for in her life. Believing it best for Nina, her closest friend, Saji, hands her over to Second Prince Azure Seth Fortna, who has been searching for someone with unique and intense deep-blue eyes—just like Nina's.

The kingdom's princess, the revered Astral Priestess Alisha, has recently died on her way to the Galgada Kingdom, where she was to marry the tyrant First Prince Sett. However, her death is concealed for political reasons, and that is where Nina needs to step in. With nowhere else to go and no one to turn to, Nina assumes Alisha's identity and future duties. But with each moment spent with Azure, Nina feels herself drawn to his warmth, fearing that once she is wed to another, nobody will remain to remember her true self.

[Written by MAL Rewrite]",Signal.MD,Manga,Josei
37,"Maou-sama, Retry! R",https://myanimelist.net/anime/56400/Maou-sama_Retry_R,34501,5.85,20241005,"Action,Adventure,Fantasy","With Rabbi Village greatly expanding under the management of his subordinates Isami Tahara and Yuu Kirino, Hakuto Kunai can now resume his adventures while looking for items to counteract magic. He begins his search at the Prison Labyrinth in Rookie Town, where a secret laboratory deep within the dungeon gives him insight into technology that is far more advanced and dangerous than anything in the rest of the world.

Meanwhile, Rabbi Village has gained unwanted international attention from the newly formed Queendom of Xenobia, which wishes to drive a wedge between the Holy Kingdom of Light and the State of Right. But with Kunai's newly summoned aide, Akane Fujisaki, at his disposal, things may not go as the Queendom plans.

[Written by MAL Rewrite]",Gekkou,Web manga,Isekai
38,Houkago Shounen Hanako-kun Part 2,https://myanimelist.net/anime/57102/Houkago_Shounen_Hanako-kun_Part_2,30771,7.02,20241008,"Comedy,Supernatural",Second part of Houkago Shounen Hanako-kun.,Lerche,Web manga,School
39,MF Ghost 2nd Season,https://myanimelist.net/anime/57559/MF_Ghost_2nd_Season,29046,7.86,20241007,,"The second race in the MFG tournament at the notoriously difficult Lake Ashinoko track is underway. Though his car is severely disadvantaged in terms of horsepower, tune-ups to Kanata Katagiri's Toyota 86 GT allow him to quickly soar into a qualifying position. However, torrential downpour on the final day of racing brings tire traction woes and causes all drivers to struggle. 

Thanks to the environment he grew up in and his extensive training, Kanata surprises everyone when he is able to pull ahead of the pack—albeit with some very risky maneuvers. However, there are still two formidable competitors ahead of Kanata: last race's winner Michael Beckenbauer and Lake Ashinoko record holder Kouki Sawatari. But even if Kanata can close the gap, he still needs to watch out for the drivers in his rearview preying on even a single mistake that they can take advantage of. 

[Written by MAL Rewrite]",Felix Film,Manga,Racing
40,One Piece: Gyojin Tou-hen,https://myanimelist.net/anime/60108/One_Piece__Gyojin_Tou-hen,25976,8.34,20241103,"Action,Adventure,Fantasy",A special edited version of the Fish-Man Island arc from One Piece with an enhanced contemporary visual look.,Toei Animation,Manga,Shounen
41,Nanatsu no Taizai: Mokushiroku no Yonkishi 2nd Season,https://myanimelist.net/anime/58511/Nanatsu_no_Taizai__Mokushiroku_no_Yonkishi_2nd_Season,25212,7.50,20241006,"Action,Adventure,Fantasy",Second season of Nanatsu no Taizai: Mokushiroku no Yonkishi.,Telecom Animation Film,Manga,Shounen
42,Ao no Miburo,https://myanimelist.net/anime/56647/Ao_no_Miburo,25143,6.46,20241019,Action,"Though he grew up as an orphan, Nio Chirinu finds a place to belong: being a waiter at his adoptive grandmother's restaurant. But this peace does not last long; Nio and his sister Iroha are used as bait to arrest child abductors by Toshizou Hijikata and Souji Okita—two members of an infamous ronin group called Miburo. After the ordeal, Toshizou proposes that Nio join the ranks of Miburo and protect the people of Kyoto.

Frustrated by his own weakness, Nio trains to match the swordsmanship of his new comrades. Even so, he struggles to be accepted by Tarou Tanaka and Hajime Saitou, the other Miburo members of his age. Determined to befriend them, Nio must discover his own sense of justice and become strong enough to prevail against all his enemies.

[Written by MAL Rewrite]",Maho Film,Manga,Historical
43,Youkai Gakkou no Sensei Hajimemashita!,https://myanimelist.net/anime/57533/Youkai_Gakkou_no_Sensei_Hajimemashita,24468,6.50,20241008,"Comedy,Fantasy","Following a bad experience teaching at a public high school that resulted in a break from working, Haruaki Abe eagerly takes up a new job at Hyakki Academy. Despite his cowardice, the novice teacher is motivated to do better this time around. However, his mind quickly changes when he finds out that everyone at the school is actually a supernatural being known as a youkai, leaving him glaringly out of place as the only human around.

Facing his class as its new homeroom teacher, Abe immediately becomes a target for the students' antics due to his quick-to-scare nature. Though as the man starts to learn more about the creatures, as well as himself, getting along with the unruly group might not be as hard as he originally thought as their school lives begin to get more vibrant.

[Written by MAL Rewrite]",Satelight,Manga,Gag Humor
44,Kabushikigaisha Magi-Lumière,https://myanimelist.net/anime/57360/Kabushikigaisha_Magi-Lumière,24389,6.83,20241004,Action,"In recent years, creatures known as Kaii have frequently attacked cities and wrought destruction. Exterminating these monsters quickly became a popular and well-respected profession, carried out by magical girls. More than five hundred magical girl companies, ranging from small ventures to large corporations, offer their aid to those who need it.

Kana Sakuragi is a studious college graduate struggling to land a job despite attending numerous interviews. But when a Kaii attacks during her latest interview, she finds herself assisting the magical girl responding to the crisis. Although she lacks battle experience, Kana relies on her exceptional memory and knowledge to help subdue the monster.

Hitomi Koshigaya, the headstrong magical girl who faced the Kaii, recognizes Kana's potential and invites her to join Magilumiere Magical Girls Inc.—the startup where Hitomi works. Wishing to make a difference, Kana accepts the offer to become a magical girl herself. While Kana may not be suited for the corporate world, it soon becomes clear that her true calling is to rise as one of the most talented magical girls in existence.

[Written by MAL Rewrite]","J.C.Staff,Studio Moe",Manga,Adult Cast
45,Acro Trip,https://myanimelist.net/anime/53723/Acro_Trip,17955,6.81,20241002,Comedy,"Due to her mother's work, Chizuko Date has never remained in one place for long or grown attached to anything in particular. However, while temporarily staying with her grandfather Suikyou, she witnesses something extraordinary: a magical girl named Berry Blossom fighting against Chroma, member of the evil organization Fossa Magna. Seeing Berry Blossom save the day ignites a passion in Chizuko, and she swears to be a fan of the new magical girl in town thereafter.

As time passes, Berry Blossom's popularity dwindles due to the incompetence of her opponent. When Chizuko randomly encounters Chroma himself, she does not hold back her complaints against him. For his part, Chroma does not enjoy being defeated again and again; moreover, Fossa Magna will force him to resign if he continues losing. In desperation, Chroma begs Chizuko to become his second-in-command and help him with his evildoings.

For the sake of Berry Blossom regaining the spotlight, Chizuko must question whether it is right to join forces with the magical girl's sworn enemy.

[Written by MAL Rewrite]",Voil,Manga,Mahou Shoujo
46,Trillion Game,https://myanimelist.net/anime/56662/Trillion_Game,17824,7.03,20241004,Drama,"After socially awkward technology specialist Manabu ""Gaku"" Taira is saved from thugs by the outgoing Haru Tennouji, the two men find that they get along with each other well. Years later, Gaku, who is having a tough time getting a job due to his timidness, is convinced by Haru to apply for a position alongside him at Dragon Bank, one of Japan's largest IT companies.

During their interviews, the company's board director, Kirika Kokuryuu, takes an interest in Haru and Gaku's contrasting personalities. However, Gaku does not get hired by the company, leading Haru to quit the job on his first day in protest. Nevertheless, they decide to embark on an ambitious plan of making a trillion dollars.

In order for their scheme to come to fruition, Haru and Gaku start looking for potential investors, but everyone rejects their extravagant idea. In spite of that, the two soon find themselves getting an offer from Kirika—and with her investment, they might just be able to reach their goal.

[Written by MAL Rewrite]",Madhouse,Manga,Adult Cast
47,Love Live! Superstar!! 3rd Season,https://myanimelist.net/anime/53287/Love_Live_Superstar_3rd_Season,16249,7.79,20241006,Slice of Life,"As the Love Live! Competition draws to a close, Kanon Shibuya takes an offer to study abroad and bids farewell to her friends and fellow members of the school idol group Liella!. Although they will live on opposite sides of the world, both Kanon and the group remain motivated to continue their idol activities.

Unbeknownst to Kanon, however, her plans are cut short by Wien Margarete's parents, who request that Kanon remain in Japan for another year so that their daughter can learn from her. While Kanon finds herself in awkward limbo, Wien cannot bring herself to join her once fierce rival Liella! and decides to start a group of her own.

Not wanting Wien's determination to go to waste, Kanon joins the new group, recruiting her former group member's sister Tomari Onitsuka in the process. As the newfound unit strives to wash off Wien's controversial past, the new Liella! is also wrestling with the struggles of losing their irreplaceable center.

[Written by MAL Rewrite]",Sunrise,Other,Idols (Female)
48,Touhai: Ura Rate Mahjong Touhairoku,https://myanimelist.net/anime/57796/Touhai__Ura_Rate_Mahjong_Touhairoku,15116,6.22,20241005,"Drama,Suspense","Ever since moving into his own apartment, quiet high school student Kei has been looking for a new thrill. He soon finds himself playing mahjong, but his whole life takes a dramatic turn when he is forced to play the game with a criminal group. Even though the odds seem against him, Kei is able to outmatch the others. Instead of claiming his reward in cash, however, he decides to take an abducted girl named Amina under his wing.

Due to Kei's skills and cold playstyle, the mysterious Hideharu Seki takes an interest in him, introducing him to mahjong parlors and new potential opponents. But when matched up against an experienced player named Doujima, Kei is severely outskilled and only narrowly escapes going into serious debt. If he wants to protect his new life with Amina, Kei must find a way to outwit these shady characters and come out on top in every game he plays.

[Written by MAL Rewrite]",East Fish Studio,Manga,Organized Crime
49,Mahoutsukai ni Narenakatta Onnanoko no Hanashi,https://myanimelist.net/anime/58173/Mahoutsukai_ni_Narenakatta_Onnanoko_no_Hanashi,13296,6.24,20241005,Fantasy,"From a young age, Kurumi Mirai has aspired to become a magician. Driven by her ambition, she has spent her childhood preparing to join the prestigious Rettoran Academy of Magic. Although Kurumi excels in the selection exam, her dream is crushed when she is not chosen for the elite magic class.

Admitted to the standard class at the academy instead, Kurumi soon befriends Maki Kumiiru, her new roommate; and Yuzu Edel, another girl unhappy with her placement. However, to everyone's surprise, their homeroom teacher, Minami Suzuki, promises to teach the class magic anyway. Although skeptical at first, the girls start to believe that this may be their second chance at realizing their dreams and becoming wonderful magicians.

[Written by MAL Rewrite]",J.C.Staff,Novel,School
50,Haigakura,https://myanimelist.net/anime/56420/Haigakura,12406,5.68,20241007,"Adventure,Fantasy","The balance of the world is deeply shaken when malevolent gods known as the Four Perils break their seals and disappear together with eight million minor deities. In the absence of gods, lands become barren and famine looms in the country of the Eight Immortals. In order to restore the fragile harmony, kashi—gifted dancers and singers—must hunt the missing gods in other realms, use their performance skills to charm the deities, and seal them using the power of their rosaries.

Although a master dancer, Ichiyou is ridiculed by his peers for his lack of singing talent. Nonetheless, the young kashi is tasked by the Eight Immortals to bring back the Four Perils before the world plunges into complete chaos. Helped by his familiars Tenkou and Kaka, Ichiyou embarks on the perilous mission given to him, with his search leading him to modern-day Japan. If he hopes to save the world, Ichiyou must also uncover the truth behind the Four Perils' disappearance—but this event seems to be disturbingly intertwined with his own past.

[Written by MAL Rewrite]",Typhoon Graphics,Manga,Josei
51,Puniru wa Kawaii Slime,https://myanimelist.net/anime/57517/Puniru_wa_Kawaii_Slime,7940,6.59,20241006,Comedy,"This is the story of Puniru the slime and Kotarou, a middle school student, until they cease being friends...

Kotarou Kawaii is a second-year middle school boy. When he was in elementary school, a slime he created came to life, and for the past seven years, he has been spending time with the slime named Puniru as his ""friend."" However, there is one problem for Kotarou...

Over the seven years, both have grown significantly, and Puniru has transformed into an incredibly beautiful girl!

Besides her beautiful appearance, Puniru freely transforms into various cute forms as a slime, causing Kotarou to be both excited and bewildered by her carefree behavior every time.

Will Puniru and Kotarou be able to continue spending time together as ""friends"" despite these challenging days ahead?

(Source: Official website)",TOHO animation STUDIO,Manga,Gag Humor
52,Kamierabi 2nd Season,https://myanimelist.net/anime/56967/Kamierabi_2nd_Season,6484,6.24,20241003,"Action,Suspense","After the mysterious disappearance of one of its participants, the battle meant to name a successor to God is brutally interrupted, leaving behind a trail of destruction and shaking the world. Twelve years later, while the former contestants in the divine competition struggle to fit in society after they were turned into semi-permanents—beings unable to age—Lall refuses to let go of her brother, who has been forgotten by everyone.

Determined to resurrect her brother—the only one she sees fit to sit on the heavenly throne—Lall steals her his cellphone from a cult run by a past competitor, which accidentally restarts the competition. Helped by her classmate Eko Sasaki, Lall will show no mercy to prevail against her enemies in her efforts to finally see her brother again.

[Written by MAL Rewrite]",Unend,Original,High Stakes Game
53,Kinoko Inu,https://myanimelist.net/anime/58854/Kinoko_Inu,6478,6.35,20241003,"Slice of Life,Supernatural","Grief-stricken over the death of his last family member, his dog Hanako, picture book writer Hotaru Yuuyami suffers from writer's block for nearly two months. Despite his childhood friend and editor Tsubaki Uehara's best efforts, nothing seems to alleviate his pain. But all of this changes one day with the sudden apparition of Kinoko Inu, a mysterious mushroom from his garden that turns into a dog-shaped animal. Much to the great dismay of Tsubaki, Hotaru hastily invites the creature into his abode.

Days after Hotaru and Kinoko Inu start living together, the strange mushroom-dog decides to burn the last of Hanako's personal belongings in order to alleviate Hotaru's depression. However, the cohabitation between the overworked writer and his mischievous guest proves more difficult than expected, and Hotaru must let go of his grief if he wants to properly take care of Kinoko Inu.

[Written by MAL Rewrite]",C-Station,Manga,Adult Cast
54,Hamidashi Creative,https://myanimelist.net/anime/56461/Hamidashi_Creative,6322,5.48,20241004,Romance,"It's the end of June, and the summer seems to be locked in place. Tomohiro Izumi, recognized by himself and those around him as an introvert, is spending another quiet day in his little corner of his classroom... or so he thought.

""Congratulations! You've been selected as our next student council president!""

The student council president lottery, held on the spur of the moment by the academy. Tomohiro manages to be the one randomly selected thanks to his ridiculous luck! Now the spotlight is suddenly upon him, and as a result, rumors about him begin to circulate. With no way out, Tomohiro relies on his advisor to start gathering allies he can rely on.

But none of the candidates his advisor suggests, from his classmate Kano to his underclassman Asumi, and even his little sister Hiyori, are even coming to the campus!? Amidst all of this chaos, even the former president that no one could ever get ahold of, Shio, shows up...!

Is it fate, or is it a foregone conclusion? The unheard of and unprecedented battles of the ""Random Lottery Student Council President"" are about to begin! 

(Source: Sekai Project, edited)",Hayabusa Film,Visual novel,School
55,Shin Tennis no Oujisama: U-17 World Cup Semifinal,https://myanimelist.net/anime/55570/Shin_Tennis_no_Oujisama__U-17_World_Cup_Semifinal,5953,6.61,20241003,Sports,"After the intense quarterfinals, the U-17 World Cup competition has been whittled down to four formidable teams. Standing between Team Japan's quest for international glory is the nine-time tournament champion, Germany, and their star-studded team, pro player Jurgen Borisovich Volk at its helm. With both the momentum and the crowd's favor on the side of their opponents, Japan faces an uphill battle.

Determined to avenge an earlier loss, Japan sends seven of their best—including team captain Houou Byoudouin—to challenge the German national team. But trying to reach the finals for the first time in Japan's tennis history may cause even these fearless players to crumble under mounting waves of pressure as they venture into uncharted territories.

[Written by MAL Rewrite]",M.S.C,Manga,School
56,Kankin Kuiki Level X,https://myanimelist.net/anime/59505/Kankin_Kuiki_Level_X,5537,6.40,20240907,"Horror,Mystery","After waking up in her room on Christmas Eve, high school student Ryouka Tsurumi makes a series of chilling discoveries. Her mother informs her that her mansion has been evacuated and the area placed on lockdown due to the presence of an unknown and dangerous entity named X. The only other person left in the building is Shuuhei Murosaka, Ryouka's childhood friend. To add to the horror, Ryouka learns that X can brainwash people for its gruesome goal: feeding itself of human blood to reproduce.

However, Shuuhei comes to Ryouka's rescue and manages to save her from one of X's brutal attacks. As the two friends try to escape from the lockdown area, they are captured by hypnotized humans and subsequently devoured by the giant beast. But for Ryouka, the nightmare has just started: she wakes up for the second time in her room, only to find out that a different X is now threatening her life. Realizing that she is stuck in a time loop, Ryouka decides to team up with Shuuhei to find a safe future away from the threat of X.

[Written by MAL Rewrite]","Imageworks Studio,Imagica Infos",Web novel,
57,Murder Mystery of the Dead,https://myanimelist.net/anime/59892/Murder_Mystery_of_the_Dead,4697,0,20241114,"Mystery,Supernatural,Suspense","In a world devastated by a zombie pandemic, the protagonist, Mikoto Amano, wakes up in an unfamiliar place with no memory. She is taken in by six girls: Ranna, Lili, Yuu, Fumika, Murumuru, and Rumina. However, their peaceful days are suddenly shattered when a shocking event occurs—the man who was rescued alongside Mikoto is brutally murdered. The killer is among them, and the next target could be anyone...

Set in the Tokyu Kabukicho Tower, the story unfolds in this now sealed-off high-rise, where mysteries and secrets attack one after another. As bonds of friendship start to form among the girls, will they be able to uncover the truth behind the incident?

(Source: MAL News)",Unknown,Game,
58,Tono to Inu,https://myanimelist.net/anime/57924/Tono_to_Inu,4246,6.44,20241010,Slice of Life,"In the warring states era, there were those who performed feats resembling demons or gods—though that is now a thing of the past. The Lord now lives in a completely declined and impoverished tenement. The Lord who has fallen into such circumstances, encounters a single dog. Feeling pity for its peculiar short-limbed appearance, the Lord reaches out a hand, but soon becomes amused by its mischievous behaviors. Thus begins the cohabitation of the fearsome Lord and cheerful dog, bringing peace and harmony to their lives!

(Source: MAL News)","Live2D Creative Studio,OLM",Web manga,Historical
59,The iDOLM@STER Shiny Colors 2nd Season,https://myanimelist.net/anime/58302/The_iDOLMSTER_Shiny_Colors_2nd_Season,4066,6.37,20241005,Slice of Life,"Following the success of Shiny Colors' first concert, Mano Sakuragi and her friends continue to face new challenges. After Straylight, a new unit of 283 Production, makes its debut concert, the members of the units are temporarily shuffled into new groups to prepare for a Halloween event to help them grow individually as idols.

While Mano struggles to express her ideas, her fellow unit member Hiori Kazano feels left out by her new comrades' talent. At the same time, Fuyuko Mayuzumi, who has bitterly failed to become Straylight's center, proves completely unable to show her real personality, jeopardizing the entire project in the process. Shiny Colors' producer will have to find a way for Fuyuko to break out of her shell if he wants to see his idol units illuminate the world once more.

[Written by MAL Rewrite]",Polygon Pictures,Game,Idols (Female)
60,Ooi! Tonbo 2nd Season,https://myanimelist.net/anime/59175/Ooi_Tonbo_2nd_Season,4038,7.19,20241005,"Drama,Sports","After graduating middle school, Tonbo Ooi sets sail from the isolated island of Tokara to Kumamoto in hopes of advancing her golf career. Using his connections, Tonbo's mentor Kazuyoshi Igarashi is able to convince coach Hajime Udou to train her. While Tonbo initially has trouble showing off her abilities with her peculiar playstyle and inexperience with using a variety of golf clubs, she quickly proves her worth at her course debut by making use of her unique skills.

Leaving an impression on Hajime and the people around her, Tonbo is sent to compete in the Kyushu Women's Championship. Met with familiar faces and new rivals, she is determined to dive deeper into the professional world of golf.

[Written by MAL Rewrite]",OLM,Manga,
61,Neko ni Tensei shita Ojisan,https://myanimelist.net/anime/58395/Neko_ni_Tensei_shita_Ojisan,2063,6.16,20241007,Comedy,"Once an average office worker, an old man finds himself reincarnated as a sweet little cat named Pun-chan. Unsure of how he got into this position, he tries to find his way around in his new body. However, the cat soon runs into familiar faces—including his former boss, who quickly becomes fond of him. Regardless, there does not seem to be a dull day ahead for Pun-chan as he learns to adapt to his new life.

[Written by MAL Rewrite]",Studio Eight Color,Web manga,Pets
62,Hyakushou Kizoku 2nd Season,https://myanimelist.net/anime/57562/Hyakushou_Kizoku_2nd_Season,1860,6.53,20241004,Comedy,Second season of Hyakushou Kizoku.,Pie in the sky,Manga,Shoujo
63,Kagaku x Bouken Survival!,https://myanimelist.net/anime/58137/Kagaku_x_Bouken_Survival,1164,0,20241005,"Action,Comedy",(No synopsis yet.),Gallop,Manga,Educational
64,Asatir 2: Mirai no Mukashi Banashi,https://myanimelist.net/anime/59499/Asatir_2__Mirai_no_Mukashi_Banashi,759,0,20241103,Adventure,Sequel to Asatir: Mirai no Mukashi Banashi.,"Manga Productions,Toei Animation",Original,
65,Okaimono Panda!,https://myanimelist.net/anime/58827/Okaimono_Panda,413,0,20241106,,TV anime of Okaimono Panda! to celebrate its 11th anniversary.,Shin-Ei Animation,Other,Anthropomorphic
66,1 Cho,https://myanimelist.net/anime/57101/1_Cho,384,0,20241124,"Action,Supernatural","Every second counts when you're a first responder. But what if you could see a glimpse into the future? Hosu is a firefighter with the supernatural ability to do just that. There’s just one catch. It only works when he feels extreme stress under pressure. Will knowing what will happen ahead of time help Hosu extinguish fires before they completely destroy homes and lives? And will he learn to wield his ability when he needs it most?

(Source: Webtoon Entertainment)",Durufix,Web manga,
67,Shibuya♡Hachi Part 2,https://myanimelist.net/anime/59485/Shibuya♡Hachi_Part_2,314,0,20241005,Comedy,Part two of Shibuya♡Hachi.,Nippon Animation,Other,
68,Pochars,https://myanimelist.net/anime/59732/Pochars,260,0,20241009,Comedy,(No synopsis yet.),DLE,Original,
69,Shooting Star Catch! Tiniping,https://myanimelist.net/anime/59894/Shooting_Star_Catch_Tiniping,247,0,20241010,Fantasy,(No synopsis yet.),SAMG Entertainment,Original,Mahou Shoujo
70,Wish Cat,https://myanimelist.net/anime/59881/Wish_Cat,241,0,20240912,Fantasy,(No synopsis yet.),SAMG Entertainment,Original,Mahou Shoujo
71,Maarui Kanojo to Zannen na Kareshi 2nd Season,https://myanimelist.net/anime/60357/Maarui_Kanojo_to_Zannen_na_Kareshi_2nd_Season,220,0,20241116,"Comedy,Romance",Second season of Maarui Kanojo to Zannen na Kareshi.,Imageworks Studio,Web manga,Adult Cast
72,One Piece,https://myanimelist.net/anime/21/One_Piece,2463785,8.73,19991020,"Action,Adventure,Fantasy","Barely surviving in a barrel after passing through a terrible whirlpool at sea, carefree Monkey D. Luffy ends up aboard a ship under attack by fearsome pirates. Despite being a naive-looking teenager, he is not to be underestimated. Unmatched in battle, Luffy is a pirate himself who resolutely pursues the coveted One Piece treasure and the King of the Pirates title that comes with it.

The late King of the Pirates, Gol D. Roger, stirred up the world before his death by disclosing the whereabouts of his hoard of riches and daring everyone to obtain it. Ever since then, countless powerful pirates have sailed dangerous seas for the prized One Piece only to never return. Although Luffy lacks a crew and a proper ship, he is endowed with a superhuman ability and an unbreakable spirit that make him not only a formidable adversary but also an inspiration to many.

As he faces numerous challenges with a big smile on his face, Luffy gathers one-of-a-kind companions to join him in his ambitious endeavor, together embracing perils and wonders on their once-in-a-lifetime adventure.

[Written by MAL Rewrite]",Toei Animation,Manga,Shounen
73,Meitantei Conan,https://myanimelist.net/anime/235/Meitantei_Conan,358262,8.17,19960108,"Adventure,Comedy,Mystery","Shinichi Kudou, a high school student of astounding talent in detective work, is well known for having solved several challenging cases. One day, when Shinichi spots two suspicious men and decides to follow them, he inadvertently becomes witness to a disturbing illegal activity. Unfortunately, he is caught in the act, so the men dose him with an experimental drug formulated by their criminal organization, leaving him to his death. However, to his own astonishment, Shinichi lives to see another day, but now in the body of a seven-year-old child.

Perfectly preserving his original intelligence, he hides his real identity from everyone, including his childhood friend Ran Mouri and her father, private detective Kogorou Mouri. To this end, he takes on the alias of Conan Edogawa, inspired by the mystery writers Arthur Conan Doyle and Ranpo Edogawa.

Shinichi, as Conan, starts secretly solving the senior Mouri's cases from behind the scenes with his still exceptional sleuthing skills, while covertly investigating the organization responsible for his current state, hoping to reverse the drug's effects someday.

[Written by MAL Rewrite]",TMS Entertainment,Manga,Detective
74,Fairy Tail: 100-nen Quest,https://myanimelist.net/anime/49785/Fairy_Tail__100-nen_Quest,144968,7.81,20240707,"Action,Adventure,Fantasy","For over one hundred years, a special quest has been waiting for a wizard skilled enough to complete it. On the northern continent of Guiltina, there are five immensely powerful Dragon Gods who possess great destructive force that can only be quelled by sealing them away. Natsu Dragneel and his friends from the Fairy Tail guild—Lucy Heartfilia, Gray Fullbuster, Erza Scarlet, Wendy Marvell, and the exceeds Happy and Charlés—consider this the perfect challenge to take on.

The Fairy Tail mages are not the only ones searching for the Dragon Gods. Diabolos, a guild exclusive for ""Dragon Eaters,"" seeks to enhance their Dragon Slayer magic by devouring the dragons. Meanwhile, Fairy Tail's newest addition, Touka, appears to be hiding something sinister from her new companions—and her secrets may bring disaster to the guild while its strongest wizards are away.

[Written by MAL Rewrite]",J.C.Staff,Web manga,Shounen
75,2.5-jigen no Ririsa,https://myanimelist.net/anime/53802/25-jigen_no_Ririsa,114401,7.36,20240705,"Comedy,Ecchi","After a disastrous romantic confession, Masamune Okumura finds solace in the fictional world of anime and manga. Now a second-year high school student and the president of the Manga Research Club, Masamune spends a peaceful existence watching the adventures of the angel Liliel, his favorite character.

In the beginning of the academic year, Masamune’s life is turned upside down when he meets first-year student Ririsa Amano, a passionate cosplay practitioner. Despite Masamune's initial reluctance, the determined young woman manages to convince him to become her personal photographer for the production of a collection dedicated to their common favorite character: Liliel.

As Masamune enthusiastically discovers the world of cosplay and photo editing, he is unexpectedly reunited with his childhood friend Mikari Tachibana, who has become a model in the hope of impressing her beloved upperclassman. Realizing that modeling is not enough to intrigue the hopeless otaku, Mikari decides to join the club and become a cosplayer herself, all to finally have a chance at winning Masamune's heart. However, Masamune's love for fictional characters may not be capable of extending to those who impersonate them.

[Written by MAL Rewrite]",J.C.Staff,Manga,Harem
76,Crayon Shin-chan,https://myanimelist.net/anime/966/Crayon_Shin-chan,87218,7.80,19920413,"Comedy,Ecchi","There is no such thing as an uneventful day in the life of kindergartener Shinnosuke ""Shin-chan"" Nohara. The five-year-old is a cut above the most troublesome, perverted, and shameless kid one can imagine. Shin-chan is almost always engaged in questionable activities such as forgetting about a friend during hide and seek, sumo wrestling for love, performing various gags including the notorious ""elephant"" in public, and flirting with college girls. The exemplary troublemaker has done it all and has no plans to stop anytime soon.

Crayon Shin-chan follows the daily shenanigans of Shin-chan with his group of friends, parading around as the self-proclaimed ""Kasukabe Defense Force."" The adults witnessing these shenanigans unfold can't help but adore Shin-chan, as he keeps them entertained while unintentionally solving their daily troubles through his mindless antics—leaving himself as the only problem they do not know what to do with.

[Written by MAL Rewrite]",Shin-Ei Animation,Manga,School
77,"Kimi to Boku no Saigo no Senjou, Aruiwa Sekai ga Hajimaru Seisen Season II",https://myanimelist.net/anime/49981/Kimi_to_Boku_no_Saigo_no_Senjou_Aruiwa_Sekai_ga_Hajimaru_Seisen_Season_II,86812,6.72,20240710,"Action,Fantasy,Romance","Over a century ago, astral mages under persecution from the Empire banded together and established the Nebulis Sovereignty under three founding families: Lou, Hydra, and Zoa. With the leadership of Millavair Lou Nebulis VIII, the Sovereignty aims to minimize casualties in their conflict with the Empire—a stance the extremist Zoas disagree with. Tensions rise between the families as the upcoming election to decide the next leader approaches. The Zoas are willing to do anything to achieve success; however, a world-ending war may ensue should they be victorious.

Princess Aliceliese ""Alice"" Lou Nebulis XI has no choice but to cooperate with any potential allies in order to advance towards her ultimate goal of ending the conflict that has long tormented everyone involved. This includes Iska—one of the Empire's greatest warriors and her greatest rival.

[Written by MAL Rewrite]","SILVER LINK.,Studio Palette",Light novel,Military
78,Sasayaku You ni Koi wo Utau,https://myanimelist.net/anime/54233/Sasayaku_You_ni_Koi_wo_Utau,84163,6.76,20240414,"Drama,Girls Love","Himari Kino is a cheerful and outgoing girl who is able to make friends with anyone she wants. When she enrolls in high school and attends the freshman opening ceremony, Himari falls in love with Yori Asanagi, a reserved upperclassman, during Yori's band performance. After the show, Himari blurts out her love, but Yori is inexperienced when it comes to romance.

Yori, who did not expect this outcome at all, looks for answers from her friends and music. She decides to respond to Himari's confession, and to her surprise, Yori discovers that Himari fell in love with her music and performance rather than Yori as a person.

Despite the shock, Yori desires to make Himari truly fall in love with her. The duo spend time together after school on the rooftop, where Yori usually plays her guitar with hopes to change Himari's feelings for her.

[Written by MAL Rewrite]","Cloud Hearts,Yokohama Animation Laboratory",Manga,School
79,Delico's Nursery,https://myanimelist.net/anime/56179/Delicos_Nursery,45758,6.84,20240808,"Fantasy,Mystery","A scourge has descended upon vampire society in the form of serial murders. The killings appear unrelated at first glance, but every crime scene has one thing in common: a card left behind, bearing the words ""True of Vamp""—the name given to the legendary progenitor of all vampires.

The Vlad Agency, a secret intelligence operation, summons the renowned aristocrat Dali Delico to lead the task force investigating the murders. However, Dali refuses, choosing to focus on raising his children. His old colleagues—Gerhard Fra, Henrique Lorca, and Dino Classico—plead with him to balance his duty to the agency with child-rearing. He agrees on one condition: the other three men must also care for their children during the investigation.

Dali's estate therefore becomes a nursery and the base of operations for the four noble vampires. Meanwhile, a criminal organization Dali knows all too well lurks in the shadows with evil intentions that threaten to cause the collapse of the entire vampire society.

[Written by MAL Rewrite]",J.C.Staff,Other,Childcare
80,Tasuuketsu,https://myanimelist.net/anime/57945/Tasuuketsu,21293,4.68,20240703,"Action,Drama,Suspense","During his school computer class, Saneatsu Narita is presented with a strange screen posing a yes-or-no question that quickly disappears. The next day, Saneatsu wakes up to a world where everyone, save for himself and a few others, is dead.

An announcement from a mysterious figure known only as the Emperor begins to shed light on the situation. The question that Saneatsu saw on the screen is part of a game called Tasuuketsu. Every day, the survivors will see a question appear on a screen, and answering it will determine who lives to see the next day. Responding the same as the majority will guarantee death, and the last player standing will earn the right to meet the Emperor.

Saneatsu resolves to beat the Emperor at their own game, making use of the hidden envelopes containing powers that can aid the players. With the help of his small group of friends, Saneatsu must avoid falling into the machinations of the other players and win this wicked game.

[Written by MAL Rewrite]",Satelight,Web manga,High Stakes Game
81,Sengoku Youko: Senma Konton-hen,https://myanimelist.net/anime/58488/Sengoku_Youko__Senma_Konton-hen,20853,7.25,20240718,"Action,Adventure,Fantasy","The chaotic aftermath of a confrontation between Jinka Yamato and Yazen results in the power dynamics between the magically gifted katawara and humans being turned upside down. As the news of the downfall of dangaishu—the katawara-hunting monks led by Yazen—spreads across the country, rogue groups of katawara start to form, worsening the already-fragile relationship between them and humanity.

Having lost faith in his abilities, Shinsuke Hyoudou now spends his time heavily drinking in the company of Senya, a former enemy of his who controls one thousand katawara within his body. Senya indirectly causes the death of the father of Tsukiko, his newfound friend, after a surprise attack of a local god gone berserk.

Despite the circumstances, Tsukiko holds no grudge against Senya and is determined to become Shinsuke's disciple no matter what. Although Shinsuke refuses to become Tsukiko's sword instructor, he reluctantly agrees to let her travel with him and Senya. While the unlikely trio heads towards their next destination, Tama Youko continues her journey to find the trail of Jinka, the nine-tailed fox who has the power to destroy the world.

[Written by MAL Rewrite]",White Fox,Manga,Historical
82,Sazae-san,https://myanimelist.net/anime/2406/Sazae-san,8718,6.14,19691005,"Comedy,Slice of Life","The main character is a mother named Sazae-san. She lives in a house with her husband, her kids and her parents. The show is the ultimate family program and tends to follow traditional themes. Think of this show as the Japanese equivalent to ""The Partridge Family"" and you'll get a good feel for this show's atmosphere. Don't expect to see things like violence, swearing, kung-fu action or magical girls. The plots are more like ""Today, Sazae-san goes to the new mall and gets lost"". Such ""boring"" plotlines and the simplistic art are often a turn-off to non-Japanese audiences, but most Japanese find the show incredibly good. As a result, it continues to be one of the top ratings grabbers on TV and is one of the few anime that is considered ""acceptable"" by adults. 

(Source: AniDB)",Eiken,4-koma manga,
83,Wonderful Precure!,https://myanimelist.net/anime/57390/Wonderful_Precure,7173,7.36,20240204,Action,"The Wonderful Precure! anime is set in Animal Town, a town where animals and people live together in harmony. Second-year junior high school student Iroha Inukai is best friends with her dog named Komugi. Out for a walk one day, Iroha and Komugi encounter a mysterious creature named Garugaru, who goes on a rampage in the city. Komugi suddenly transforms into a Pretty Cure named Cure Wonderful, to protect Iroha.

(Source: ANN)",Toei Animation,Original,Mahou Shoujo
84,Chibi Maruko-chan (1995),https://myanimelist.net/anime/6149/Chibi_Maruko-chan_1995,6641,7.33,19950108,Comedy,"Momoko Sakura is an elementary school student who likes popular idol Momoe Yamaguchi and mangas. She is often called ""Chibi Maruko-chan"" due to her young age and small size. She lives together with her parents, her grandparents and her elder sister in a little town. In school, she has many friends with whom she studies and plays together everyday, including her close pal, Tama-chan; the student committee members, Maruo-kun and Migiwa-san; and the B-class trio: 'little master' Hanawa-kun, Hamaji-Bu Taro and Sekiguchi-kun. This is a fun-loving and enjoyable anime that portrays the simple things in life.

(Source: ANN)",Nippon Animation,Manga,School
85,Yu☆Gi☆Oh! Go Rush!!,https://myanimelist.net/anime/50607/Yu☆Gi☆Oh_Go_Rush,6556,5.64,20220403,"Action,Fantasy","After inheriting the company from their parents, siblings Yuuhi and Yuamu Oudou have started to work at Ultraterrestrial Trouble Solutions, an organization that hunts aliens. Although they have never encountered aliens before, Yuuhi is desperate to meet one as he believes that an alien has stolen his important item called the ""Earthdamar.""

One day, while searching for extraterrestrial creatures, Yuuhi and Yuamu find a strange spot in the forest where many trees have fallen, forming a scenery similar to a crop circle. As they venture further, they discover a mysterious spaceship and enter it out of curiosity. To their surprise, they come across Yudias Velgear, an alien from the Velgear Star Cluster. As it turns out, Yudias is seeking to learn about Rush Duel—a card game popular among elementary school students—as he believes that it will save his home from a long war.

With the siblings agreeing to teach Yudias about Rush Duel, they eventually realize that their first contact with an alien may not be a random coincidence.

[Written by MAL Rewrite]",Bridge,Card game,Strategy Game
86,Tousouchuu: Great Mission,https://myanimelist.net/anime/54040/Tousouchuu__Great_Mission,5975,5.64,20230402,"Sci-Fi,Suspense","Due to Earth's increasing climate crisis, humanity has developed futuristic technology to migrate to the Moon. Tomura Sawyer works as a courier in the higher areas, saving money for his little brother, Haru, who suffers from Smoky Moon Disease - a sickness produced by the smoke and polution from the lower areas. The two siblings dream of moving to the higher, cleaner areas to treat this disease.

Tomura takes a gamble to do the impossible: to participate in the TV program ""Run for Money"" and to win against all the other contestants even if he doesn't have the Chrono Bracelet required for it. A producer of said program by the name of Harvest seems to take an interest in Tomura's determination to participate, so she gifts him the Bracelet and allows him to participate. In this glorified game of Tag, Tomura Sawyer must last longer than anyone else without being touched by the enemies in this game — the Hunters.",Toei Animation,Other,High Stakes Game
87,Chiikawa,https://myanimelist.net/anime/50250/Chiikawa,5293,7.44,20220404,Comedy,"What's a Chiikawa? No one really knows, but everyone can see they're small, they're cute, and they're always having a fun time! Join them as they explore their surreal world with the sharp humor and clever antics that make the Chiikawa irresistible.

(Source: HIDIVE, edited)",Doga Kobo,Web manga,Seinen
88,Bonobono (TV 2016),https://myanimelist.net/anime/32353/Bonobono_TV_2016,3247,6.39,20160402,"Comedy,Slice of Life","Based on the original comic BONO BONO by Mikio Igarashi that has seen over 9,000,000 total copies printed, this is the definitive animated version of the emotionally soothing character-driven series that will make you ask yourself the philosophical question, ""What are living things?"" while laughing at heartwarming gags and being entertained by the interactions of amusing forest friends Bonobono the young sea otter, Chipmunk, Fishing Cat, and more.

Enjoy the easygoing days and minor misadventures of Bonobono and his friends!

(Source: Fuji Creative)",Eiken,4-koma manga,Anthropomorphic
89,Himitsu no AiPri,https://myanimelist.net/anime/57946/Himitsu_no_AiPri,3006,6.19,20240407,,"Ever since she was a child, Himari Aozora has adored the world of the idol princesses known as AiPri. Long ago, Himari made a promise with her best friend, Mitsuki Hoshikawa, that they would debut as AiPris together. However, Himari has grown to be incredibly shy, and she has all but given up on her dream.

Both girls enroll as first years at Paradise Private Academy. On the first day of school, Himari gets lost on her way back to the dormitory and stumbles upon a room radiating a pink light. She falls into the room, and a bracelet clasps onto her wrist, transporting her to the AiPriVerse—the world where AiPris perform.

Himari accidentally enters the newcomer auditions for the AiPriVerse, and her performance impresses Paradise Academy's Student Council. They offer to become her producers, with the condition that she will conceal her status as an AiPri. Little does Himari know that Mitsuki herself is also an AiPri and has been hiding it from her! Their childhood dream of performing together gradually comes to fruition—even as the academy's principal threatens to ban AiPri from school grounds entirely.

[Written by MAL Rewrite]","Dongwoo A&E,OLM",Game,Idols (Female)
90,Ninjala (TV),https://myanimelist.net/anime/50418/Ninjala_TV,2990,5.53,20220108,Action,"The year is 20XX. The ninja, who once forged the history of Japan, were scattered across the country during the Meiji Restoration. As these ninja mingled with the other clans, their bloodline thinned, and they gradually faded from sight. The descendants of these ninja clans, seeking to preserve their heritage, formed the WNA (World Ninja Association) in the hope of carrying on their legacy.

And so it was that the WNA succeeded in developing Ninja-Gum, an art which could summon forth the strength of the Shinobi. And yet creating the most powerful Ninja-Gum requires the strongest of ninja DNA. So it was that the Ninjala Tournament was held, that the mightiest of all ninjas could be found... 

(Source: Official Game website)",OLM,Game,
91,Shikaru Neko,https://myanimelist.net/anime/48442/Shikaru_Neko,2377,0,20210322,Slice of Life,(No synopsis yet.),Unknown,Manga,
92,Kamiusagi Rope: Warau Asa ni wa Fukuraitaru tte Maji ssuka!?,https://myanimelist.net/anime/30151/Kamiusagi_Rope__Warau_Asa_ni_wa_Fukuraitaru_tte_Maji_ssuka,1273,0,20121116,"Comedy,Slice of Life","Fourth season of Kamiusagi Rope, events occur after the feature film. Airs on Mezamashi TV instead of the theaters.",Unknown,Original,
93,Shiawase Haitatsu Taneko,https://myanimelist.net/anime/10506/Shiawase_Haitatsu_Taneko,973,0,20110326,Comedy,"The story centers around a cat who answers people's wishes and delivers happiness. (""Tane"" and ""neko"" are the Japanese words for ""seed"" and ""cat,"" respectively.)

(Source: ANN)",Kachidoki Studio,Original,
94,Manul no Yuube,https://myanimelist.net/anime/38776/Manul_no_Yuube,645,0,20181111,Slice of Life,"Within the nature ""Darwin Kita! Kikimono Shin Densetsu"" program on NHK1.5 airs the short Manul no Yuube, based on a web manga/comic of the same name. It following animal characters who visit the bar Manul no Yuube. The bar is run by the Mama who is a Pallas's cat (Otocolobus manul) and serviced by the hostess Tsunomin who is a Brazilian treehopper (Bocydium globulare).",Unknown,Web manga,
95,Yongisanda,https://myanimelist.net/anime/59685/Yongisanda,540,0,20240827,"Comedy,Fantasy",(No synopsis yet.),Unknown,Web manga,
96,Jochum,https://myanimelist.net/anime/58944/Jochum,471,0,20240713,Slice of Life,"The first animation of Sanrio character ""JOCHUM"" jointly developed by Sanrio and JO1.
11 friends living in the share house ""JOCHUM'S HOUSE"" where dreams are said to come true if you live in this house. Everyone has a dream and is fighting hard towards their dreams every day while living a leisurely life today!",Fanworks,Original,Anthropomorphic
97,Shin Nippon History,https://myanimelist.net/anime/54871/Shin_Nippon_History,362,0,20200106,Comedy,(No synopsis yet.),Unknown,Original,Historical
98,Shuwawan!,https://myanimelist.net/anime/57357/Shuwawan,286,0,20230322,Slice of Life,"Shuwawan! chronicles the family life of real-life photographer and essayist Harumichi Saitou. Saitou and his wife are both deaf, his children are both hearing, and the family communicates in sign language. The anime draws on Saitou's own Ikuji Manga Nikki (Child-rearing Manga Diary) work.

(Source: ANN)",KOO-KI,Original,Childcare
99,Xin Xiyou Lixian Ji,https://myanimelist.net/anime/58557/Xin_Xiyou_Lixian_Ji,232,0,20240119,"Action,Adventure,Fantasy",(No synopsis yet.),Unknown,Original,Martial Arts
100,Youkoso Ninchishou Sekai e,https://myanimelist.net/anime/58604/Youkoso_Ninchishou_Sekai_e,223,0,20220814,"Adventure,Slice of Life","Travel through the words of people with dementia by seeing how they experience the everyday and problems they face.

(Source: Official site, translated)",Unknown,Original,Educational
101,Ohayou! Unko-sensei,https://myanimelist.net/anime/59409/Ohayou_Unko-sensei,211,0,20240726,Comedy,(No synopsis yet.),Unknown,Manga,
102,Warau Red List,https://myanimelist.net/anime/59752/Warau_Red_List,186,0,20240814,Comedy,"Endangered animals complain about humans! The animals' complaints reveal the relationship between nature and humans!

(Source: NHK, translated)",Unknown,Original,Educational
103,Oshiri Tantei 8th Season,https://myanimelist.net/anime/58630/Oshiri_Tantei_8th_Season,136,0,20240406,"Comedy,Fantasy,Mystery",Eighth season of Oshiri Tantei.,Toei Animation,Picture book,Detective
